"realdept","avg"
"UZ IPIL","4.4311995104039195"
"SED","4.653935119887166"
"ITE","4.2610574018126925"
"SBM","4.2833710217755385"
"UZ PAGADIAN","4.294940023990385"
"SEICT","4.312775240994419"
"SAM","4.55645111624325"
"SCJ","4.342642559109858"
"SLAS","4.26744091939138"
"SOD","4.545420962199314"
